Feature,Importance
AlertTitle,0.3170162475646403
Hour,0.2568284914244971
DayOfWeek,0.11406029465936986
MitreTechniques,0.06945338839168373
Category,0.06486253400554647
EntityType,0.0559218831928036
CountryCode,0.05562132485558746
LastVerdict,0.02493278512421568
Month,0.014879303178967804
SuspicionLevel,0.011139060440042332
EvidenceRole,0.0108591184157054
ThreatFamily,0.001945447263529111
OSFamily,0.0013911027894140005
OSVersion,0.0010890186939972394
